{
  "interactionModel": {
    "languageModel": {
      "invocationName": "template eleven",
      "intents": [
        {
          "name": "AMAZON.NavigateHomeIntent",
          "samples": [

          ]
        },
        {
          "name": "AMAZON.CancelIntent",
          "samples": []
        },
        {
          "name": "AMAZON.HelpIntent",
          "samples": []
        },
        {
          "name": "AMAZON.StopIntent",
          "samples": []
        },
        {
          "name": "TimezoneIntent",
          "samples": [
            "time",
            "timezone",
            "time zone",
            "what is my timezone"
          ]
        },
        {
          "name": "DistanceIntent",
          "samples": [
            "distance",
            "distance unit",
            "distance measurement unit"
          ]
        },
        {
          "name": "TemperatureIntent",
          "samples": [
            "temperature",
            "temperature unit",
            "temperature measurement unit"
          ]
        }
      ]
    }
  }
}
