{
  "manifest": {
    "publishingInformation": {
      "locales": {
        "en-US": {
          "summary": "say alexa open timezone greeter to test the timezone based greeting",
          "examplePhrases": [
            "Alexa, open timezone greeter",
            "Alexa, start timezone greeter",
            "Alexa, launch timezone greeter"
          ],
          "keywords": [
            "greeter",
            "timezone",
            "settings"
          ],
          "name": "template eleven",
          "smallIconUri": "https://s3.amazonaws.com/CAPS-SSE/echo_developer/5eaf/089b2356970740ae9f94cb355cf7962c/APP_ICON?versionId=yxnVQooo_WbQ2bUKWFG1DLWOMBodTuMk&AWSAccessKeyId=AKIAIEYXX6DHY7O4XWMA&Expires=1536081801&Signature=4wZ48tIKcG0pSNcmrAoU320LTOo%3D",
          "description": "say alexa open timezone greeter to test the timezone based greeting",
          "largeIconUri": "https://s3.amazonaws.com/CAPS-SSE/echo_developer/bbdc/51a9dbef933346069da6b4ce86fb9b62/APP_ICON_LARGE?versionId=Hh8zdnPrUM9Wot9bGvotDo8QSxYl9r6p&AWSAccessKeyId=AKIAIEYXX6DHY7O4XWMA&Expires=1536081801&Signature=thqFNutZrS4qOS6zZ0qrsBcDC8I%3D"
        }
      },
      "isAvailableWorldwide": true,
      "testingInstructions": "nothing specific",
      "category": "ZIP_CODE_LOOKUP",
      "distributionCountries": []
    },
    "apis": {
      "custom": {
        "endpoint": {
          "sourceDir": "./lambda/custom"
        },
        "interfaces": []
      }
    },
    "manifestVersion": "1.0",
    "privacyAndCompliance": {
      "allowsPurchases": false,
      "locales": {
        "en-US": {
          "termsOfUseUrl": "http://dabblelab.com/terms",
          "privacyPolicyUrl": "http://dabblelab.com/privacy"
        }
      },
      "isExportCompliant": true,
      "containsAds": false,
      "isChildDirected": false,
      "usesPersonalInfo": false
    }
  }
}
